{
  "GET Today Content" : {
    "transaction" : "GET Today Content",
    "sampleCount" : 10,
    "errorCount" : 0,
    "errorPct" : 0.0,
    "meanResTime" : 537.8,
    "medianResTime" : 579.5,
    "minResTime" : 358.0,
    "maxResTime" : 657.0,
    "pct1ResTime" : 654.8,
    "pct2ResTime" : 657.0,
    "pct3ResTime" : 657.0,
    "throughput" : 5.515719801434087,
    "receivedKBytesPerSec" : 209.19929416023166,
    "sentKBytesPerSec" : 75.1732280750138
  },
  "Total" : {
    "transaction" : "Total",
    "sampleCount" : 30,
    "errorCount" : 0,
    "errorPct" : 0.0,
    "meanResTime" : 753.3666666666668,
    "medianResTime" : 618.0,
    "minResTime" : 358.0,
    "maxResTime" : 1416.0,
    "pct1ResTime" : 1208.4,
    "pct2ResTime" : 1416.0,
    "pct3ResTime" : 1416.0,
    "throughput" : 9.366219169528566,
    "receivedKBytesPerSec" : 1166.5071075944427,
    "sentKBytesPerSec" : 97.24464857165158
  },
  "GET Topics" : {
    "transaction" : "GET Topics",
    "sampleCount" : 10,
    "errorCount" : 0,
    "errorPct" : 0.0,
    "meanResTime" : 588.6,
    "medianResTime" : 599.0,
    "minResTime" : 391.0,
    "maxResTime" : 806.0,
    "pct1ResTime" : 796.9000000000001,
    "pct2ResTime" : 806.0,
    "pct3ResTime" : 806.0,
    "throughput" : 6.211180124223602,
    "receivedKBytesPerSec" : 36.157074922360245,
    "sentKBytesPerSec" : 9.359229425465838
  },
  "GET For You Content" : {
    "transaction" : "GET For You Content",
    "sampleCount" : 10,
    "errorCount" : 0,
    "errorPct" : 0.0,
    "meanResTime" : 1133.6999999999998,
    "medianResTime" : 1165.5,
    "minResTime" : 776.0,
    "maxResTime" : 1416.0,
    "pct1ResTime" : 1416.0,
    "pct2ResTime" : 1416.0,
    "pct3ResTime" : 1416.0,
    "throughput" : 4.545454545454545,
    "receivedKBytesPerSec" : 1499.4686612215908,
    "sentKBytesPerSec" : 72.78053977272727
  }
}